{"cameraMode":{"drawMode":0,"name":"Shaded","section":"Shading Mode"},"sceneLighting":false,"audioPlay":false,"sceneViewState":{"showFog":true,"showMaterialUpdate":false,"showSkybox":true,"showFlares":true,"showImageEffects":true,"showParticleSystems":true},"in2DMode":false,"pivot":{"x":0.0008775591850280762,"y":0.8343489170074463,"z":3.94779634475708},"rotation":{"x":0.02214742824435234,"y":0.9542925357818604,"z":-0.07314816117286682,"w":0.28893712162971499},"size":4.470704555511475,"orthographic":false}