{"cameraMode":{"drawMode":0,"name":"Shaded","section":"Shading Mode"},"sceneLighting":true,"audioPlay":false,"sceneViewState":{"showFog":true,"showMaterialUpdate":false,"showSkybox":false,"showFlares":true,"showImageEffects":true,"showParticleSystems":true},"in2DMode":false,"pivot":{"x":0.07997822761535645,"y":0.9817882776260376,"z":3.783036231994629},"rotation":{"x":0.18897953629493714,"y":0.2907933294773102,"z":-0.05870567634701729,"w":0.9360980987548828},"size":4.455539703369141,"orthographic":false}