{"cameraMode":{"drawMode":0,"name":"Shaded","section":"Shading Mode"},"sceneLighting":true,"audioPlay":false,"sceneViewState":{"showFog":true,"showMaterialUpdate":false,"showSkybox":true,"showFlares":true,"showImageEffects":true,"showParticleSystems":true},"in2DMode":false,"pivot":{"x":-0.0020000040531158449,"y":1.465999960899353,"z":-8.746999740600586},"rotation":{"x":0.18897953629493714,"y":0.2907933294773102,"z":-0.05870567634701729,"w":0.9360980987548828},"size":1.2124971151351929,"orthographic":false}