{"cameraMode":{"drawMode":0,"name":"Shaded","section":"Shading Mode"},"sceneLighting":false,"audioPlay":false,"sceneViewState":{"showFog":true,"showMaterialUpdate":false,"showSkybox":true,"showFlares":true,"showImageEffects":true,"showParticleSystems":true},"in2DMode":false,"pivot":{"x":-0.0020000040531158449,"y":1.0,"z":-7.421000003814697},"rotation":{"x":0.0014781933277845383,"y":0.9747027158737183,"z":-0.22340761125087739,"w":0.0064485943876206879},"size":0.5036984086036682,"orthographic":false}