{"cameraMode":{"drawMode":0,"name":"Shaded","section":"Shading Mode"},"sceneLighting":false,"audioPlay":false,"sceneViewState":{"showFog":true,"showMaterialUpdate":false,"showSkybox":true,"showFlares":true,"showImageEffects":true,"showParticleSystems":true},"in2DMode":false,"pivot":{"x":0.05121821165084839,"y":-0.08419740200042725,"z":0.014173448085784912},"rotation":{"x":-0.17933917045593263,"y":0.7481821775436401,"z":-0.22433827817440034,"w":-0.5981081128120422},"size":0.7553479075431824,"orthographic":false}